"Qty";"Value";"Device";"Package";"Parts";"Description";"";
"1";"";"LED_5MM-5MM-RED";"LED_5MM_RED";"D1";"LED (Generic)";"";
"1";"";"MICROBUILDER_USB_TYPEAPCB";"MICROBUILDER_USBA_PCB";"CN1";"USB - Type A Connectors";"";
"1";"";"RESISTOR-US-0204/5";"RESISTOR_0204/5";"R1";"RESISTOR, American symbol";"";
"1";"";"SOLDERJUMPERREFLOW";"SOLDERJUMPER_REFLOW";"SJ1";"SMD Solder JUMPER";"";
"1";"MILADOR-LOGO-SM";"MILADOR-LOGO-SM";"MILADOR_LOGO2";"LABEL_LOGO";"";"";
"1";"PEC11";"ADAFRUIT_ELECTROMECH_ENCODER_PLUS_SWITCH_BOURNS_PEC11";"ADAFRUIT_ELECTROMECH_PEC11+SWITCH";"PAD";"Rotary Encoder with Built-In Switch";"";
"1";"STX-3120";"STX-3120-5B";"STX-3120-5B";"SW1";"";"";
